rs_identifier;start;end;type;ref;alt;NC_Identifier
rs1000113;150860514;150860514;SNP;A;G;NC_000005.10
rs10030601;149804060;149804060;SNP;T;C;NC_000004.12
rs1004819;67204530;67204530;SNP;A;G;NC_000001.11
rs10069690 ;1279675;1279675;SNP;C;T;NC_000005.10
rs1011970  ;22062135;22062135;SNP;G;T;NC_000009.11
rs10166942;233918448;233918448;SNP;T;C;NC_000002.11
rs1017226  ;56857565;56857565;SNP;T;C;NC_000005.10
rs10210302;233281193;233281193;SNP;C;A;NC_000002.11
rs1044352;31146252;31146252;SNP;A;G;NC_000004.12
rs10472076 ;58788234;58788234;SNP;T;C;NC_000005.10
rs10474352 ;91406408;91436408;SNP;C;T;NC_000005.10
rs10496964;144502342;144502342;SNP;T;C;NC_000002.11
rs10759243 ;107543834;107543834;SNP;C;A;NC_000009.11
rs10761659;67185804;67185804;SNP;A;G;NC_000010.10
rs10816625 ;108074792;108074792;SNP;A;G;NC_000009.11
rs10822013 ;62492218;62492218;SNP;C;T;NC_000010.10
rs10941679 ;44706396;44706396;SNP;A;G;NC_000005.10
rs10995190 ;62518923;62518923;SNP;G;A;NC_000010.10
rs11075995 ;53821379;53821379;SNP;A;T;NC_000016.10
rs11155804 ;151625017;151625017;SNP;T;A;NC_000006.11
rs111577701;168043620;168043620;SNP;A;T;NC_000003.11
rs11200014 ;121534387;121534387;SNP;G;A;NC_000010.10
rs11209026;67240275;67240275;SNP;A;G;NC_000001.11
rs11249433 ;121538815;121538815;SNP;A;G;NC_000001.11
rs1128535;49828959;49828959;SNP;T;C;NC_000003.11
rs113701136;29816822;29816822;SNP;C;T;NC_000019.10
rs11523871;122570194;122570194;SNP;C;A;NC_000010.10
rs11552449 ;113905767;113905767;SNP;C;T;NC_000001.11
rs11780156 ;128182395;128182395;SNP;C;T;NC_000008.11
rs11805303;67209833;67209833;SNP;A;G;NC_000001.11
rs11814448 ;22026914;22026914;SNP;A;C;NC_000010.10
rs11861787;8467743;8467743;SNP;T;C;NC_000016.10
rs11890028;166086767;166086767;SNP;T;C;NC_000002.11
rs11977670 ;140242504;140242504;SNP;G;A;NC_000007.13
rs12037606;172929262;172929262;SNP;T;C;NC_000001.11
rs12059546;239806797;239806797;SNP;A;G;NC_000001.11
rs1219648  ;121586676;121586676;SNP;A;G;NC_000010.10
rs12255372;113049143;113049143;SNP;G;T;NC_000010.10
rs12355688 ;79295869;79295869;SNP;C;T;NC_000010.10
rs12422552 ;14260997;14260997;SNP;G;C;NC_000012.11
rs12493607 ;30641447;30641447;SNP;G;C;NC_000003.11
rs12628403 ;38962032;38962032;SNP;A;C;NC_000022.11
rs12655019 ;56899963;56899963;SNP;A;G;NC_000005.10
rs12662670 ;151597721;151597721;SNP;T;C;NC_000006.11
rs12720541;186900940;186900940;SNP;A;G;NC_000001.11
rs12744221;145789475;145789475;SNP;T;C;NC_000001.11
rs12870942 ;73232845;73232845;SNP;T;C;NC_000013.10
rs12922061 ;52601088;52601088;SNP;C;T;NC_000016.10
rs12987787;166001881;166001881;SNP;T;C;NC_000002.11
rs12998806 ;217029040;217029040;SNP;G;A;NC_000002.11
rs13026414;57706920;57706920;SNP;T;C;NC_000002.11
rs13074711 ;172550013;172550013;SNP;T;C;NC_000003.11
rs132390   ;29225488;29225488;SNP;C;T;NC_000022.11
rs13281615 ;127013372;127013372;SNP;A;G;NC_000008.11
rs13294895 ;108074895;108074895;SNP;C;T;NC_000009.11
rs13329835 ;80616908;80616908;SNP;A;G;NC_000016.10
rs13361189;150853825;150853825;SNP;A;G;NC_000005.10
rs13387042 ;217041109;217041109;SNP;A;G;NC_000002.11
rs13393577 ;212432139;212432139;SNP;T;C;NC_000002.11
rs140068132;151633699;151633699;SNP;A;G;NC_000006.11
rs1432679  ;158817075;158817075;SNP;C;T;NC_000005.10
rs143536437;30636129;30606129;SNP;C;A;NC_000015.10
rs1490157;21677754;21677754;SNP;T;C;NC_000003.11
rs1501299;186853334;186853334;SNP;G;C;NC_000003.11
rs16857609 ;217431785;217431785;SNP;C;T;NC_000002.11
rs16886034 ;56888029;56888029;SNP;T;C;NC_000005.10
rs16886113 ;56889208;56889208;SNP;T;G;NC_000005.10
rs16886181 ;56833416;56833416;SNP;T;C;NC_000005.10
rs16886364 ;56826517;56826517;SNP;A;G;NC_000005.10
rs16886448 ;56874986;56874986;SNP;C;G;NC_000005.10
rs16944;112836290;112836290;SNP;A;G;NC_000002.11
rs17221417;50705671;50705671;SNP;C;T;NC_000016.10
rs17234657;40401407;40401407;SNP;A;G;NC_000005.10
rs17350191 ;123745421;123745421;SNP;C;T;NC_000008.11
rs1793004;20677383;20677383;SNP;C;T;NC_000011.10
rs1800054  ;108227849;108227849;SNP;C;G;NC_000011.10
rs1800058;108289623;108289623;SNP;C;T;NC_000011.10
rs1800629;31575654;31575654;SNP;T;C;NC_000006.11
rs1801157;44372809;44372809;SNP;C;T;NC_000010.10
rs1805057;29613344;29613344;SNP;A;T;NC_000006.11
rs1835740;97154685;97154685;SNP;G;A;NC_000008.11
rs1939012;102724404;102724404;SNP;C;T;NC_000011.10
rs1992660;40714965;40714965;SNP;G;A;NC_000005.10
rs1992662;40693750;40693750;SNP;G;A;NC_000005.10
rs2012709  ;32567626;32567626;SNP;C;T;NC_000005.10
rs204247   ;13722291;13722291;SNP;G;A;NC_000006.11
rs2056116;13008363;13008363;SNP;A;G;NC_000004.12
rs2076756;50722970;50722970;SNP;C;T;NC_000016.10
rs2201841;67228519;67228519;SNP;A;G;NC_000001.11
rs2229882  ;56872885;56872885;SNP;C;T;NC_000005.10
rs2241880;233274722;233274722;SNP;C;A;NC_000002.11
rs2242652  ;1279913;1279913;SNP;G;A;NC_000005.10
rs2268578;91107421;91107421;SNP;A;G;NC_000012.11
rs2284378  ;34000289;34000289;SNP;T;C;NC_000020.10
rs2290203  ;90968837;90968837;SNP;G;A;NC_000015.10
rs2392780  ;127015779;127015779;SNP;A;G;NC_000008.11
rs2420946  ;121591810;121591810;SNP;T;C;NC_000010.10
rs2542151;12789948;12789948;SNP;G;A;NC_000018.10
rs2588809  ;68193711;68193711;SNP;T;C;NC_000014.9
rs2601828;4053870;4053870;SNP;C;A;NC_000016.10
rs2651899;3167148;3167148;SNP;G;A;NC_000001.11
rs2717068;57867738;57867738;SNP;T;C;NC_000002.11
rs28498976;30749735;30749735;SNP;A;G;NC_000004.12
rs2912774  ;121589148;121589148;SNP;T;A;NC_000010.10
rs2943559  ;75505702;75505702;SNP;A;G;NC_000008.11
rs2947349;57832668;57832668;SNP;T;C;NC_000002.11
rs2981578  ;121580797;121580797;SNP;C;A;NC_000010.10
rs2981579  ;121577821;121577821;SNP;A;G;NC_000010.10
rs3176336;36681039;36681039;SNP;A;T;NC_000006.11
rs3218005;22000248;22000248;SNP;T;C;NC_000009.11
rs34330;12717761;12717761;SNP;T;C;NC_000012.11
rs346291;79855119;79855119;SNP;T;C;NC_000006.11
rs3757322  ;151621059;151621059;SNP;T;G;NC_000006.11
rs3760982  ;43782361;43782361;SNP;A;G;NC_000019.10
rs3803662  ;52552429;52552429;SNP;A;G;NC_000016.10
rs3817198  ;1887776;1887776;SNP;T;C;NC_000011.10
rs3822625  ;56882284;56882284;SNP;A;G;NC_000005.10
rs39861;66856430;66856430;SNP;A;G;NC_000005.10
rs4245739  ;204549714;204549714;SNP;C;A;NC_000001.11
rs4415084  ;44662413;44662413;SNP;C;T;NC_000005.10
rs4784223  ;52541995;52541995;SNP;A;G;NC_000016.10
rs4784227  ;52565276;52565276;SNP;C;T;NC_000016.10
rs492146;52981097;52981097;SNP;A;T;NC_000006.11
rs4951011  ;203797603;203797603;SNP;A;G;NC_000001.11
rs4958847;150860025;150860025;SNP;A;G;NC_000005.10
rs4973768  ;27374522;27374522;SNP;C;T;NC_000003.11
rs4980383  ;1880867;1880867;SNP;C;T;NC_000011.10
rs535066;46338270;46338270;SNP;A;T;NC_000004.12
rs537626   ;69492927;69492927;SNP;G;C;NC_000011.10
rs554219   ;69516874;69516874;SNP;C;G;NC_000011.10
rs55670112;114932773;114932773;SNP;T;C;NC_000005.10
rs56069439 ;17283116;17283116;SNP;C;A;NC_000019.10
rs614367   ;69513996;69513996;SNP;C;T;NC_000011.10
rs61670327;3276582;3276582;SNP;T;C;NC_000005.10
rs62355902 ;56757896;56757896;SNP;A;T;NC_000005.10
rs6472903  ;75257896;75257896;SNP;G;T;NC_000008.11
rs6504950  ;54979110;54979110;SNP;G;A;NC_000017.11
rs653465   ;27302153;27302153;SNP;C;T;NC_000003.11
rs6585202  ;113023044;113023044;SNP;T;C;NC_000010.10
rs6601764;3820350;3820350;SNP;T;C;NC_000010.10
rs6678914  ;202218048;202218048;SNP;G;A;NC_000001.11
rs66823261 ;220692;220692;SNP;T;C;NC_000008.11
rs6732655;166038556;166038556;SNP;T;C;NC_000002.11
rs6762644  ;4700592;4700592;SNP;A;G;NC_000003.11
rs6828523  ;174925275;174925275;SNP;C;A;NC_000004.12
rs6908425;20728500;20728500;SNP;C;A;NC_000006.11
rs704010   ;79081391;79081391;SNP;T;C;NC_000010.10
rs7072776  ;21744013;21744013;SNP;A;G;NC_000010.10
rs7076156;62655424;62655424;SNP;T;C;NC_000010.10
rs72698613;175087067;175087067;SNP;T;C;NC_000004.12
rs72700966;10512841;10512841;SNP;G;A;NC_000009.11
rs72755295 ;241870961;241870961;SNP;A;G;NC_000001.11
rs72823592;96827413;96827413;SNP;C;T;NC_000017.11
rs7539542;202940846;202940846;SNP;G;C;NC_000001.11
rs7587026;166122240;166122240;SNP;T;C;NC_000002.11
rs75915166 ;69564393;69564393;SNP;C;A;NC_000011.10
rs771390;34205335;34205335;SNP;C;A;NC_000001.11
rs7726159  ;1282204;1282204;SNP;C;A;NC_000005.10
rs7726354  ;56920656;56920656;SNP;C;T;NC_000005.10
rs7753394;137764111;137764111;SNP;T;C;NC_000006.11
rs7807268;148560956;148560956;SNP;T;C;NC_000007.13
rs7904519  ;113014168;113014168;SNP;A;G;NC_000010.10
rs8111071;45804148;45804148;SNP;T;C;NC_000019.10
rs9383938  ;151666222;151666222;SNP;G;T;NC_000006.11
rs9397437  ;151631197;151631197;SNP;G;A;NC_000006.11
rs941764   ;91374725;91374725;SNP;A;G;NC_000014.9
rs9469220;32690533;32690533;SNP;T;C;NC_000006.11
rs9693444  ;29652100;29652100;SNP;A;C;NC_000008.11
rs9790517  ;105163621;105163621;SNP;C;T;NC_000004.12
rs997669;29813576;29813576;SNP;T;C;NC_000019.10
rs999737   ;68567965;68567965;SNP;C;T;NC_000014.9
