rs_identifier;phenotype_id
rs1000113;10
rs10030601;12
rs1004819;10
rs10069690 ;2
rs1011970  ;2
rs10166942;18
rs1017226  ;6
rs10210302;10
rs1044352;11
rs10472076 ;2
rs10474352 ;2
rs10496964;12
rs10759243 ;2
rs10761659;10
rs10816625 ;2
rs10822013 ;2
rs10941679 ;2
rs10995190 ;2
rs11075995 ;2
rs11075995 ;3
rs11155804 ;3
rs111577701;11
rs11200014 ;2
rs11209026;10
rs11249433 ;2
rs1128535;9
rs113701136;8
rs113701136;3
rs11523871;2
rs11552449 ;2
rs11780156 ;2
rs11805303;10
rs11814448 ;2
rs11861787;13
rs11890028;12
rs11977670 ;2
rs12037606;9
rs12059546;12
rs1219648  ;2
rs12255372;2
rs12355688 ;2
rs12422552 ;2
rs12493607 ;2
rs12628403 ;2
rs12655019 ;5
rs12662670 ;3
rs12720541;12
rs12744221;13
rs12870942 ;3
rs12922061 ;2
rs12987787;11
rs12998806 ;4
rs13026414;12
rs13074711 ;2
rs132390   ;2
rs13281615 ;2
rs13281615 ;3
rs13294895 ;2
rs13329835 ;2
rs13361189;10
rs13387042 ;2
rs13393577 ;2
rs140068132;21
rs1432679  ;2
rs143536437;13
rs1490157;20
rs1501299;2
rs16857609 ;2
rs16886034 ;5
rs16886113 ;5
rs16886181 ;5
rs16886364 ;5
rs16886448 ;5
rs16944;15
rs17221417;10
rs17234657;10
rs17350191 ;3
rs1793004;10
rs1800054  ;7
rs1800058;2
rs1800629;1
rs1800629;14
rs1800629;16
rs1800629;23
rs1801157;2
rs1805057;22
rs1835740;19
rs1939012;11
rs1992660;10
rs1992662;9
rs2012709  ;2
rs204247   ;2
rs2056116;2
rs2076756;10
rs2201841;10
rs2229882  ;5
rs2229882  ;6
rs2241880;10
rs2242652  ;2
rs2242652  ;3
rs2268578;2
rs2284378  ;2
rs2290203  ;2
rs2392780  ;5
rs2420946  ;24
rs2542151;10
rs2588809  ;2
rs2601828;20
rs2651899;18
rs2717068;12
rs28498976;11
rs2912774  ;5
rs2943559  ;2
rs2947349;11
rs2981578  ;2
rs2981579  ;2
rs3176336;2
rs3218005;2
rs34330;2
rs346291;20
rs3757322  ;2
rs3760982  ;2
rs3803662  ;2
rs3817198  ;2
rs3822625  ;5
rs39861;12
rs4245739  ;3
rs4415084  ;2
rs4784223  ;5
rs4784227  ;2
rs4784227  ;3
rs492146;13
rs4951011  ;2
rs4958847;9
rs4973768  ;2
rs4980383  ;2
rs535066;11
rs537626   ;5
rs554219   ;2
rs55670112;11
rs56069439 ;3
rs614367   ;2
rs61670327;13
rs62355902 ;2
rs6472903  ;2
rs6504950  ;2
rs653465   ;5
rs6585202  ;2
rs6601764;10
rs6678914  ;2
rs66823261 ;3
rs6732655;11
rs6762644  ;2
rs6828523  ;2
rs6908425;10
rs704010   ;2
rs7072776  ;2
rs7076156;10
rs72698613;13
rs72700966;13
rs72755295 ;2
rs72823592;12
rs7539542;2
rs7587026;17
rs75915166 ;2
rs771390;12
rs7726159  ;3
rs7726354  ;5
rs7753394;9
rs7807268;10
rs7904519  ;2
rs8111071;9
rs9383938  ;2
rs9397437  ;2
rs941764   ;2
rs9469220;10
rs9693444  ;2
rs9790517  ;2
rs997669;2
rs999737   ;4
